Бренд,Модель,Цена,Имеется в продаже
Victorinox,Maverick,"2 540,00 руб.",В наличии
Claude Bernard,Aquarider Quarts Chronograph,"1 088,00 руб.",В наличии
Calvin Klein,Minimal,"807,00 руб.",В наличии
Tag Heuer,Carrera Sport Chronograph Calibre Heuer 02,"20 857,00 руб.",В наличии
Swatch,Electric Blue,"608,00 руб.",В наличии
Hamilton,Khaki Aviation Khaki X-Wind Auto,"4 595,00 руб.",В наличии
Longines,Hydroconquest,"6 880,00 руб.",В наличии
Tissot,Chemin Des Tourelles Powermatic 80,"3 252,00 руб.",В наличии
Swatch,MINIMAL LINE PINK,"278,00 руб.",В наличии
Swatch,CLEARLY BLUE STRIPED,"296,00 руб.",В наличии
Tissot,Seastar 2000 Professional Powermatic 80,"3 669,00 руб.",В наличии
Tissot,Heritage Memphis Gent,"1 428,00 руб.",В наличии
Tissot,Prc 200 Chronograph,"1 706,00 руб.",В наличии
Tissot,Supersport Chrono Vuelta Special Edition,"1 567,00 руб.",В наличии
Tissot,Gentleman,"1 289,00 руб.",В наличии
Tissot,PRX Powermatic 80,"2 261,00 руб.",В наличии
Tissot,PRX Powermatic 80,"2 261,00 руб.",В наличии
Tissot,PRX,"1 269,00 руб.",В наличии
Tissot,PRX,"1 170,00 руб.",В наличии
Tissot,PRX Powermatic 80,"6 743,00 руб.",В наличии
Tissot,Supersport Gent,"1 150,00 руб.",В наличии
Tissot,PRX Powermatic 80,"2 380,00 руб.",В наличии
Tissot,PRX Powermatic 80,"2 479,00 руб.",В наличии
Tissot,PRX,"1 269,00 руб.",В наличии
Tissot,PRX,"1 269,00 руб.",В наличии
Tissot,PRX,"1 269,00 руб.",В наличии
Swatch,BLA_DIV,"312,00 руб.",В наличии
Swatch,CLEARLY YELLOW STRIPED,"260,00 руб.",В наличии
Swatch,CLEARLY RED STRIPED,"260,00 руб.",В наличии
Swatch,CLEARLY BOLD,"383,00 руб.",В наличии
Swatch,BIG BOLD BIOCERAMIC DESERT,"468,00 руб.",В наличии
Swatch,BIG BOLD BIOCERAMIC CANYON,"468,00 руб.",В наличии
Swatch,KNOCK NAP,"243,00 руб.",В наличии
Swatch,CLEARLY NEW GENT,"296,00 руб.",В наличии
Swatch,CLEARLY BLACK STRIPED,"296,00 руб.",В наличии
Tag Heuer,Carrera Day-Date,"10 428,00 руб.",В наличии
Tissot,PRC 200 Chronograph,"1 587,00 руб.",В наличии
Hamilton,Khaki Field Auto Chrono,"6 189,00 руб.",В наличии
Tissot,Chemin Des Tourelles,"2 657,00 руб.",В наличии
Tissot,Gentleman Powermatic 80 Silicium,"2 856,00 руб.",В наличии
Swatch,YELLOW DISCO FEVER,"260,00 руб.",В наличии
Swatch,BLUE TRIP,"278,00 руб.",В наличии
Swatch,LIVE TIME WHITE,"296,00 руб.",В наличии
Swatch,TIME TO RED BIG,"330,00 руб.",В наличии
Swatch,TIME TO YELLOW BIG,"330,00 руб.",В наличии
Swatch,BLUENRED,"278,00 руб.",В наличии
Swatch,DATELINE,"608,00 руб.",В наличии
Tag Heuer,Aquaracer Professional 300,"10 428,00 руб.",В наличии
Tag Heuer,Aquaracer Professional 300,"10 428,00 руб.",В наличии
Hamilton,Khaki Field Mechanical,"2 496,00 руб.",В наличии
Swatch,KLUNK!,"296,00 руб.",В наличии
Swatch,GRANDE BRACCHETTO,"296,00 руб.",В наличии
Swatch,POW WOW,"347,00 руб.",В наличии
Swatch,FIRST BASE,"347,00 руб.",В наличии
Swatch,SMAK!,"347,00 руб.",В наличии
Tissot,PRC 200 Chronograph,"1 587,00 руб.",В наличии
Tissot,PRC 200 Chronograph,"1 587,00 руб.",В наличии
Tissot,T-Race Chronograph Marc Marquez Limited Edition,"2 257,00 руб.",В наличии
Tissot,Chrono Xl Vintage,"1 269,00 руб.",В наличии
Tissot,Seastar 2000 Professional Powermatic 80,"3 808,00 руб.",В наличии
Tissot,Visodate Powermatic 80,"2 261,00 руб.",В наличии
Tissot,Visodate Powermatic 80,"2 261,00 руб.",В наличии
Tissot,Seastar 1000 Powermatic 80,"3 014,00 руб.",В наличии
Tissot, Seastar 1000 Chronograph,"1 983,00 руб.",В наличии
Tissot, Seastar 1000 Chronograph,"1 884,00 руб.",В наличии
Tissot,Gentleman Powermatic 80 Silicium,"2 856,00 руб.",В наличии
Tissot,Prs 516 Chronograph,"1 706,00 руб.",В наличии
Tissot,Prs 516 Chronograph,"1 626,00 руб.",В наличии
Tag Heuer,Aquaracer Professional 300,"11 530,00 руб.",В наличии
Tag Heuer,Aquaracer Professional 300,"11 530,00 руб.",В наличии
Tag Heuer,Aquaracer Professional 300,"11 530,00 руб.",В наличии
Hamilton,Khaki Field Mechanical,"2 979,00 руб.",В наличии
Longines,Hydroconquest,"6 880,00 руб.",В наличии
Hamilton,Khaki Navy Scuba Auto,"4 175,00 руб.",В наличии
Longines,Hydroconquest,"6 880,00 руб.",В наличии
Longines,Hydroconquest,"6 880,00 руб.",В наличии
Tissot,PRC 200 Chronograph,"1 706,00 руб.",В наличии
Tissot,Seastar 2000 Professional Powermatic 80,"3 808,00 руб.",В наличии
Tissot,Supersport Gent,"1 309,00 руб.",В наличии
Tissot,Supersport Gent,"1 150,00 руб.",В наличии
Victorinox,Alliance,"1 810,00 руб.",В наличии
Victorinox,Alliance,"1 810,00 руб.",В наличии
Victorinox,Inox,"4 021,00 руб.",В наличии
Victorinox,Inox,"2 285,00 руб.",В наличии
Victorinox,Fieldforce Classic Chrono,"1 810,00 руб.",В наличии
Tag Heuer,Aquaracer Bamford Limited Edition,"14 027,00 руб.",В наличии
Swatch,Tv Time L,"677,00 руб.",В наличии
Swatch,Copper Time,"521,00 руб.",В наличии
Hamilton,Jazzmaster Auto,"3 386,00 руб.",В наличии
Swatch,C-Black,"452,00 руб.",В наличии
Swatch,C-Blue,"452,00 руб.",В наличии
Swatch,C-White,"452,00 руб.",В наличии
Swatch,"THE DREAM BY HENRI ROUSSEAU, THE WATCH","347,00 руб.",В наличии
Hamilton,Jazzmaster Auto,"3 356,00 руб.",В наличии
Longines,The  Avigation BigEye,"12 946,00 руб.",В наличии
Longines,Spirit,"8 885,00 руб.",В наличии
Longines,La Grande Classique De,"6 198,00 руб.",В наличии
Longines,Dolcevita,"5 956,00 руб.",В наличии
Longines,Dolcevita,"5 956,00 руб.",В наличии
Tissot,Visodate Powermatic 80,"2 261,00 руб.",В наличии
Tag Heuer,Aquaracer 43 mm Calibre 5 Automatic,"9 914,00 руб.",В наличии
Wenger,Seaforce Chrono,"1 317,00 руб.",В наличии
Wenger,Seaforce Chrono,"1 317,00 руб.",В наличии
Wenger,Seaforce Chrono,"1 279,00 руб.",В наличии
Wenger,Seaforce,"950,00 руб.",В наличии
Wenger,Seaforce,"950,00 руб.",В наличии
Wenger,Seaforce,"874,00 руб.",В наличии
Longines,Spirit,"7 940,00 руб.",В наличии
Longines,Spirit,"10 967,00 руб.",В наличии
Longines,Spirit,"10 967,00 руб.",В наличии
Tag Heuer,Aquaracer 300m Calibre 5 Automatic 41,"11 346,00 руб.",В наличии
Hamilton,Jazzmaster Auto,"3 386,00 руб.",В наличии
Hamilton,Jazzmaster Open Heart Auto,"4 363,00 руб.",В наличии
Hamilton,Jazzmaster Open Heart Auto,"3 924,00 руб.",В наличии
Swatch,Mesh O'honey,"625,00 руб.",В наличии
Swatch,KEEP TURNING,"296,00 руб.",В наличии
Tag Heuer,Formula 1 Quartz 43mm,"5 398,00 руб.",В наличии
Wenger,Attitude Chrono,"1 179,00 руб.",В наличии
Wenger,Avenue,"645,00 руб.",В наличии
Victorinox,Alliance,"1 444,00 руб.",В наличии
Tissot,Pr 100 Sport Gent Chronograph,"1 428,00 руб.",В наличии
Tissot,Pr 100 Sport Gent Chronograph,"1 428,00 руб.",В наличии
Tissot,Chrono XL Classic,"1 587,00 руб.",В наличии
Tissot,Chrono XL Classic,,В наличии
Tissot,Chrono XL Classic,"1 666,00 руб.",В наличии
Tissot,Gentleman Powermatic 80 Silicium,"2 657,00 руб.",В наличии
Tissot,Gentleman Powermatic 80 Silicium,"2 657,00 руб.",В наличии
Tissot,Classic Dream Swissmatic,"1 527,00 руб.",В наличии
Tissot,Classic Dream Quartz,"1 031,00 руб.",В наличии
Tissot,Classic Dream Quartz,"1 031,00 руб.",В наличии
Tissot,Classic Dream Quartz,"873,00 руб.",В наличии
Tissot,Classic Dream Quartz,"873,00 руб.",В наличии
Tissot,Classic Dream Quartz,"1 190,00 руб.",В наличии
Tissot,Classic Dream Quartz,"932,00 руб.",В наличии
Hamilton,American Classic PSR Digital Quartz,"2 944,00 руб.",В наличии
Tissot,Pr 100 Sport Gent,"1 230,00 руб.",В наличии
Tissot,Supersport Chrono,"1 626,00 руб.",В наличии
Tissot,Supersport Chrono,"1 686,00 руб.",В наличии
Victorinox,Fieldforce Classic Chrono,"1 993,00 руб.",В наличии
Victorinox,Fieldforce Classic Chrono,"2 175,00 руб.",В наличии
Tag Heuer,Carrera Sport Chronograph Calibre Heuer 02 Automatic,"20 710,00 руб.",В наличии
Tag Heuer,Carrera Sport Chronograph Calibre Heuer 02 Automatic,"24 456,00 руб.",В наличии
Tag Heuer,Carrera Calibre Heuer 02 Automatic,"18 911,00 руб.",В наличии
Tag Heuer,Carrera Calibre Heuer 02 Automatic,"19 608,00 руб.",В наличии
Hamilton,Khaki Navy Scuba Auto,"3 091,00 руб.",В наличии
Hamilton,Khaki Navy Scuba Quartz,"2 028,00 руб.",В наличии
Hamilton,Khaki Aviation Converter Auto,"3 970,00 руб.",В наличии
Tag Heuer,Monaco Calibre Heuer 02 39mm,"23 758,00 руб.",В наличии
Tag Heuer,Carrera Calibre Heuer 02,"19 241,00 руб.",В наличии
Hamilton,Khaki Navy Scuba Quartz,"2 230,00 руб.",В наличии
Tag Heuer,Monaco Calibre Heuer 02 39mm,"23 758,00 руб.",В наличии
Swatch,Crazy Drive,"764,00 руб.",В наличии
Swatch,Teckno Blue,"608,00 руб.",В наличии
Hamilton,Khaki Aviation Converter Auto,"4 234,00 руб.",В наличии
Swatch,AM51,"521,00 руб.",В наличии
Swatch,White Side,"677,00 руб.",В наличии
Swatch,Skin Suit Blue,"659,00 руб.",В наличии
Swatch,Jungle Snake,"677,00 руб.",В наличии
Longines,Conquest,"4 452,00 руб.",В наличии
Tissot,Pr 100 Sport Gent,"1 071,00 руб.",В наличии
Tissot, Seastar 1000 Chronograph,"1 983,00 руб.",В наличии
Tissot,Supersport Chrono,"1 468,00 руб.",В наличии
Tissot,Supersport Chrono,"1 468,00 руб.",В наличии
Tissot,Supersport Chrono,"1 468,00 руб.",В наличии
Tissot,Supersport Chrono,"1 468,00 руб.",В наличии
Tissot,Supersport Chrono,"1 527,00 руб.",В наличии
Tissot,Tradition,"1 031,00 руб.",В наличии
Tissot,Gent Xl Swissmatic,"1 646,00 руб.",В наличии
Tag Heuer,Carrera Calibre Heuer 02,"20 710,00 руб.",В наличии
Longines,Conquest,"4 452,00 руб.",В наличии
Longines,Conquest,"4 262,00 руб.",В наличии
Longines,Spirit,"7 940,00 руб.",В наличии
Hamilton,Jazzmaster Skeleton Auto,"5 183,00 руб.",В наличии
Longines,The  1832,"7 664,00 руб.",В наличии
Tissot, T-Race,"2 241,00 руб.",В наличии
Tissot, Chrono Xl,"1 230,00 руб.",В наличии
Swatch,TIMEFORTIME,"278,00 руб.",В наличии
Swatch,FREETID,"278,00 руб.",В наличии
Swatch, Joe's Smile,"677,00 руб.",В наличии
Tag Heuer,Carrera Sport Chronograph Calibre Heuer 02 Automatic,"20 159,00 руб.",В наличии
Swatch,Blue Away,"243,00 руб.",В наличии
Swatch,CAMOUFOREST,"278,00 руб.",В наличии
Swatch,CAMOUCLOUDS,"278,00 руб.",В наличии
Wenger,Urban Classic,"722,00 руб.",В наличии
Wenger,Urban Metropolitan,"798,00 руб.",В наличии
Wenger,Attitude,"759,00 руб.",В наличии
Wenger,Roadster Black Night Chrono,"1 179,00 руб.",В наличии
Wenger,Roadster Black Night Chrono,"1 256,00 руб.",В наличии
Hamilton,Khaki Navy Pioneer Small Second Auto,"3 249,00 руб.",В наличии
Swatch,Electric Shark,"225,00 руб.",В наличии
Swatch,Kiwi Vibes,"296,00 руб.",В наличии
Swatch,Blue Sirup,"296,00 руб.",В наличии
Swatch,Bloody Orange,"296,00 руб.",В наличии
Tag Heuer,Formula 1 Chronograph Quarz 43 Mm,"6 840,00 руб.",В наличии
Hamilton,Jazzmaster Auto,"3 689,00 руб.",В наличии
Swatch,Intercyderal,"312,00 руб.",В наличии
Swatch,Metaline,"312,00 руб.",В наличии
Swatch,Cyderalblue,"312,00 руб.",В наличии
Tissot,Gent Xl Swissmatic,"1 725,00 руб.",В наличии
Tissot,Gent Xl Swissmatic,"1 646,00 руб.",В наличии
Wenger,City Classic,"493,00 руб.",В наличии
Wenger,Seaforce,"798,00 руб.",В наличии
Wenger,Seaforce,"874,00 руб.",В наличии
Wenger,Seaforce Chrono,"1 317,00 руб.",В наличии
Wenger,Seaforce Chrono,"1 317,00 руб.",В наличии
Wenger,Attitude,"722,00 руб.",В наличии
Wenger,Attitude,"722,00 руб.",В наличии
Wenger,Attitude Chrono,"1 104,00 руб.",В наличии
Wenger,Attitude Heritage,"684,00 руб.",В наличии
Wenger,Roadster Black Night Chrono,"1 104,00 руб.",В наличии
Hamilton,Khaki Aviation Pilot Pioneer Chrono Quartz,"2 155,00 руб.",В наличии
Hamilton,Khaki Aviation Pilot Pioneer Chrono Quartz,"2 368,00 руб.",В наличии
Hamilton,Khaki Navy Frogman Auto,"4 263,00 руб.",В наличии
Swatch,Charcolazing,"278,00 руб.",В наличии
Swatch,Forest Grid,"642,00 руб.",В наличии
Longines,Evidenza,"7 779,00 руб.",В наличии
Hamilton,Khaki Field King Quartz,"1 560,00 руб.",В наличии
Swatch,On Her Majesty's Secret Service 1969,"365,00 руб.",В наличии
Tag Heuer,Carrera Calibre 5 Day-Date Automatic 41,"11 163,00 руб.",В наличии
Longines,The  Master Collection,"8 654,00 руб.",В наличии
Victorinox,Fieldforce,"1 810,00 руб.",В наличии
Victorinox,Fieldforce,"1 626,00 руб.",В наличии
Victorinox,Fieldforce,"2 175,00 руб.",В наличии
Swatch,Blue Grid,"642,00 руб.",В наличии
Swatch,Super Sir,"278,00 руб.",В наличии
Hamilton,Khaki Aviation Pilot Day Date Auto,"3 708,00 руб.",В наличии
Tissot,Carson Premium,"1 269,00 руб.",В наличии
Tissot,Carson Premium,"1 111,00 руб.",В наличии
Tissot,Carson Premium Chronograph,"2 023,00 руб.",В наличии
Tissot,Carson Premium Chronograph,"1 824,00 руб.",В наличии
Tissot,Le Locle Automatic,"2 380,00 руб.",В наличии
Tissot,Chemin Des Tourelles,"2 657,00 руб.",В наличии
Tissot,Gent Xl,"952,00 руб.",В наличии
Tissot, Seastar 1000 Chronograph,"1 983,00 руб.",В наличии
Tissot,Gentleman,"1 408,00 руб.",В наличии
Tissot,Gentleman,"1 408,00 руб.",В наличии
Tissot,Gentleman,"1 408,00 руб.",В наличии
Tissot,Gentleman,"1 289,00 руб.",В наличии
Tissot,Porto,"1 785,00 руб.",В наличии
Victorinox,Inox,"2 540,00 руб.",В наличии
Hamilton,Khaki Aviation Pilot Day Date Auto,"3 708,00 руб.",В наличии
Longines,Conquest,"2 831,00 руб.",В наличии
Longines,Hydroconquest,"6 068,00 руб.",В наличии
Longines,Présence,"4 896,00 руб.",В наличии
Longines,Présence,"5 299,00 руб.",В наличии
Tissot,Gent Xl Classic,"1 031,00 руб.",В наличии
Tissot,Carson Premium,"1 111,00 руб.",В наличии
Hamilton,Khaki Field Auto,"2 393,00 руб.",В наличии
Longines,The  Master Collection,"8 772,00 руб.",В наличии
Longines,Hydroconquest,"9 302,00 руб.",В наличии
Longines,Skin Diver Watch,"9 300,00 руб.",В наличии
Longines,The  Master Collection,"9 052,00 руб.",В наличии
Longines,Présence,"5 705,00 руб.",В наличии
Longines,Présence,"5 299,00 руб.",В наличии
Swatch,SkinWind,"608,00 руб.",В наличии
Swatch,SkinEarth,"608,00 руб.",В наличии
Swatch,Wave Path,"278,00 руб.",В наличии
Tag Heuer,Aquaracer 300m Calibre 5 Automatic Watch 43 Mm,"11 346,00 руб.",В наличии
Victorinox,Maverick,"2 175,00 руб.",В наличии
Victorinox,Fieldforce,"1 444,00 руб.",В наличии
Calvin Klein,Compete,"752,00 руб.",В наличии
Longines,Conquest V.H.P,"4 666,00 руб.",В наличии
Longines,Conquest V.H.P,"4 666,00 руб.",В наличии
Longines,The  1832,"8 061,00 руб.",В наличии
Hamilton,Khaki Field Murph Auto,"3 852,00 руб.",В наличии
Claude Bernard,Classic Big Date Small Second,"984,00 руб.",В наличии
Claude Bernard,Classic Big Date Small Second,"984,00 руб.",В наличии
Claude Bernard,Classic Automatic Open Heart,"1 888,00 руб.",В наличии
Tag Heuer,Formula 1 Calibre 6,"6 830,00 руб.",В наличии
Hamilton,Jazzmaster Gent Quartz,"2 203,00 руб.",В наличии
Hamilton,Jazzmaster Chrono Quartz,"3 082,00 руб.",В наличии
Hamilton,Jazzmaster Open Heart Auto,"4 363,00 руб.",В наличии
Hamilton,Jazzmaster Viewmatic Auto,"4 460,00 руб.",В наличии
Hamilton,Khaki Aviation Pilot Day Date Auto,"3 127,00 руб.",В наличии
Tag Heuer,Formula 1 Calibre 16 Automatic Chronograph 44,"12 411,00 руб.",В наличии
Tag Heuer,Carrera Calibre 16 Automatic Chronograph 43 Mm,"18 360,00 руб.",В наличии
Tag Heuer,Carrera Calibre 16 Automatic Chronograph 43 Mm,"18 360,00 руб.",В наличии
Tag Heuer,Carrera Calibre 16 Day Date 43 Mm,"19 241,00 руб.",В наличии
Tag Heuer,Aquaracer Calibre 7 Gmt,"11 861,00 руб.",В наличии
Hamilton,Jazzmaster Chrono Quartz,"3 373,00 руб.",В наличии
Tissot, Seastar 1000 Chronograph,"1 983,00 руб.",В наличии
Hamilton,Ventura ELVIS80 AUTO,"5 375,00 руб.",В наличии
Hamilton,Ventura ELVIS80 QUARTZ,"3 893,00 руб.",В наличии
Longines,Hydroconquest,"6 068,00 руб.",В наличии
Longines,Hydroconquest,"6 068,00 руб.",В наличии
Victorinox,Inox,"3 089,00 руб.",В наличии
Victorinox,Inox,"3 089,00 руб.",В наличии
Victorinox,Maverick,"1 664,00 руб.",В наличии
Victorinox,Maverick,"2 175,00 руб.",В наличии
Victorinox,Alliance,"2 175,00 руб.",В наличии
Tissot,T-Race Automatic Chronograph,"4 663,00 руб.",В наличии
Tissot, Chrono Xl,"1 349,00 руб.",В наличии
Tissot, Chrono Xl,"1 269,00 руб.",В наличии
Tissot, Seastar 1000 Chronograph,"1 884,00 руб.",В наличии
Tissot,Carson Automatic,"2 181,00 руб.",В наличии
Tissot,Carson Automatic,"2 181,00 руб.",В наличии
Tissot,Gentleman Automatic,"5 513,00 руб.",В наличии
Tissot,Gentleman Automatic,"5 275,00 руб.",В наличии
Calvin Klein,Compete,"815,00 руб.",В наличии
Calvin Klein,Compete,"752,00 руб.",В наличии
Hamilton,Khaki Aviation Khaki Pilot Chrono Quartz,"3 511,00 руб.",В наличии
Hamilton,Jazzmaster Seaview Day Date Quartz,"2 634,00 руб.",В наличии
Hamilton,American Classic Valiant Auto,"2 293,00 руб.",В наличии
Hamilton,Khaki Navy Frogman Auto,"3 877,00 руб.",В наличии
Longines,Hydroconquest,"8 323,00 руб.",В наличии
Longines,Hydroconquest,"8 902,00 руб.",В наличии
Longines,Hydroconquest,"8 902,00 руб.",В наличии
Tissot, Chemin Des Tourelles Gmt,"3 610,00 руб.",В наличии
Tissot, T-Race,"2 043,00 руб.",В наличии
Tissot, T-Race,"2 043,00 руб.",В наличии
Tissot, T-Race,"2 043,00 руб.",В наличии
Tissot, T-Race,"2 320,00 руб.",В наличии
Tissot, Gent Xl,"1 031,00 руб.",В наличии
Tissot, Gent Xl,"912,00 руб.",В наличии
Tissot, Gent Xl,"912,00 руб.",В наличии
Tissot, Chrono Xl,"1 349,00 руб.",В наличии
Tissot,Visodate,"1 111,00 руб.",В наличии
Tissot, Seastar 1000,"2 717,00 руб.",В наличии
Tissot, Seastar 1000,"2 717,00 руб.",В наличии
Tissot, Seastar 1000,"2 618,00 руб.",В наличии
Tag Heuer,Formula 1 Chronograph Quarz 43 Mm,"6 463,00 руб.",В наличии
Swatch,Polablue,"278,00 руб.",В наличии
Swatch,Polapurple,"278,00 руб.",В наличии
Tag Heuer,Link Homme Acier Calibre 5,"10 979,00 руб.",В наличии
Tag Heuer,Carrera Calibre Heuer 02 T,"66 941,00 руб.",В наличии
Tag Heuer,Formula 1 Chronograph Manchester United Special Edition,"6 132,00 руб.",В наличии
Hamilton,Jazzmaster Thinline Quartz,"1 983,00 руб.",В наличии
Hamilton,Jazzmaster Thinline Auto,"3 633,00 руб.",В наличии
Hamilton,Ventura XXL Auto,"4 924,00 руб.",В наличии
Hamilton,Jazzmaster Day Date Auto,"2 631,00 руб.",В наличии
Hamilton,Jazzmaster Open Heart Auto,"3 924,00 руб.",В наличии
Hamilton,Jazzmaster Viewmatic Auto,"2 906,00 руб.",В наличии
Hamilton,American Classic Spirit Of Liberty,"3 658,00 руб.",В наличии
Hamilton,American Classic Spirit Of Liberty,"3 658,00 руб.",В наличии
Hamilton,American Classic Spirit Of Liberty,"4 065,00 руб.",В наличии
Hamilton,Khaki Field King Auto,"2 092,00 руб.",В наличии
Hamilton,Khaki Field Day Date Auto,"3 295,00 руб.",В наличии
Hamilton,Khaki Field Auto,"2 111,00 руб.",В наличии
Hamilton,Khaki Aviation X-Wind Day Date Auto,"4 422,00 руб.",В наличии
Hamilton,Khaki Aviation Pilot Pioneer Chrono Quartz,"2 368,00 руб.",В наличии
Tag Heuer,Formula 1 Calibre 16 Automatic Chronograph,"11 861,00 руб.",В наличии
Tag Heuer,Link Calibre 17 Automatic,"16 561,00 руб.",В наличии
Tag Heuer,Autavia,"19 142,00 руб.",В наличии
Tag Heuer,Aquaracer 500m Calibre 7 Automatic Gmt,"11 714,00 руб.",В наличии
Tag Heuer,Calibre 5 Day-Date Automatic Watch 41 Mm,"11 163,00 руб.",В наличии
Tag Heuer,Carrera Calibre 5 Day-Date Automatic 41,"11 163,00 руб.",В наличии
Tag Heuer,Carrera Calibre 5 Day-Date Automatic 41,"10 428,00 руб.",В наличии
Tag Heuer,Aquaracer 300m Calibre 5 Automatic Watch 43 Mm,"10 245,00 руб.",В наличии
Tag Heuer,Aquaracer 300m Calibre 5 Automatic Watch 43 Mm,"10 245,00 руб.",В наличии
Tag Heuer,Formula 1 Steel & Plated Yellow Gold 41 Mm,"7 932,00 руб.",В наличии
Tag Heuer,Formula 1 Calibre 6,"6 830,00 руб.",В наличии
Tag Heuer,Formula 1 Calibre 5 41 Mm,"7 932,00 руб.",В наличии
Tag Heuer,Link Homme Acier Calibre 5,"10 979,00 руб.",В наличии
Tag Heuer,Link Homme Acier Calibre 5,"10 979,00 руб.",В наличии
Tag Heuer,Formula 1 Chronograph Quarz 43 Mm,"8 262,00 руб.",В наличии
Tag Heuer,Aquaracer 300m Calibre 5 Automatic Watch 43 Mm,"9 731,00 руб.",В наличии
Tag Heuer,Formula 1 Calibre 6,"6 830,00 руб.",В наличии
Longines,The  Master Collection,"12 744,00 руб.",В наличии
Tissot, Everytime,"972,00 руб.",В наличии
Tag Heuer,Carrera Calibre 16 Automatic Chronograph 41 Mm,"15 459,00 руб.",В наличии
Tissot,Tradition,"1 388,00 руб.",В наличии
Tissot,Everytime Medium,"972,00 руб.",В наличии
Swatch,Skinbrushed,"539,00 руб.",В наличии
Longines,Présence,"4 896,00 руб.",В наличии
Longines,The  Elegant Collection,"6 431,00 руб.",В наличии
Longines,Conquest,"3 038,00 руб.",В наличии
Longines,Conquest,"3 038,00 руб.",В наличии
Longines,Conquest,"4 887,00 руб.",В наличии
Swatch,Sistem Dark,"955,00 руб.",В наличии
Tissot,Tradition,"1 230,00 руб.",В наличии
Tissot,Everytime,"1 091,00 руб.",В наличии
Claude Bernard,Aquarider Quarts Chronograph,"1 368,00 руб.",В наличии
Claude Bernard,Classic Quartz Chronograph,"1 078,00 руб.",В наличии
Claude Bernard,2nd Time Zone,"998,00 руб.",В наличии
Tissot, Everytime,"833,00 руб.",В наличии
Longines,Record,"10 777,00 руб.",В наличии
Tissot,Vuelta Collection,"1 825,00 руб.",В наличии
Tissot,Visodate,"1 230,00 руб.",В наличии
Tissot,Visodate,"1 230,00 руб.",В наличии
Tissot,Visodate,"1 111,00 руб.",В наличии
Tissot,Pr 100 Quartz,"1 388,00 руб.",В наличии
Tissot,V8,"1 686,00 руб.",В наличии
Tissot,V8,"1 686,00 руб.",В наличии
Tissot, Everytime,"972,00 руб.",В наличии
Tissot, Everytime,"1 130,00 руб.",В наличии
Tissot, Everytime,"873,00 руб.",В наличии
Tissot,Chemin Des Tourelles,"2 856,00 руб.",В наличии
Tissot,Le Locle Automatic,"2 578,00 руб.",В наличии
Tissot,Pr 100 Quartz,"1 388,00 руб.",В наличии
Tissot,Chrono Xl,"1 269,00 руб.",В наличии
Tissot, Chemin Des Tourelles,"2 856,00 руб.",В наличии
Tissot, Chrono Xl,"1 349,00 руб.",В наличии
Tissot, Chrono Xl,"1 230,00 руб.",В наличии
Tissot, Chrono Xl,"1 230,00 руб.",В наличии
Tissot, Chrono Xl,"1 468,00 руб.",В наличии
Tissot, Chrono Xl,"1 468,00 руб.",В наличии
Tissot,Chrono Xl,"1 230,00 руб.",В наличии
Victorinox,Alliance,"1 626,00 руб.",В наличии
Victorinox,Alliance,"1 444,00 руб.",В наличии
Tissot,Everytime Medium,"833,00 руб.",В наличии
Tissot,Prc 200 Quartz,"1 666,00 руб.",В наличии
Tissot,Tradition,"1 190,00 руб.",В наличии
Tissot,Tradition,"1 190,00 руб.",В наличии
Tissot,Tradition,"1 031,00 руб.",В наличии
Tissot,Tradition,"1 031,00 руб.",В наличии
Tissot,Tradition,"1 031,00 руб.",В наличии
Tissot,Tradition,"1 666,00 руб.",В наличии
Tissot,Tradition,"1 507,00 руб.",В наличии
Tissot,Tradition,"1 507,00 руб.",В наличии
Tissot,Tradition,"1 507,00 руб.",В наличии
Tissot,T-Race Touch,"1 824,00 руб.",В наличии
Tissot,T-Race Touch,"1 824,00 руб.",В наличии
Tissot,Quickster,"1 468,00 руб.",В наличии
Tissot,Chemin Des Tourelles,"2 657,00 руб.",В наличии
Tissot,Chemin Des Tourelles,"3 054,00 руб.",В наличии
Tissot,Pr 100 Quartz,"1 031,00 руб.",В наличии
Tissot,Pr 100 Quartz,"912,00 руб.",В наличии
Tissot,Pr 100 Quartz,"1 269,00 руб.",В наличии
Tissot,Pr 100 Quartz,"1 269,00 руб.",В наличии
Tissot,Pr 100 Quartz,"1 388,00 руб.",В наличии
Longines,Conquest,"3 038,00 руб.",В наличии
Longines,The  Master Collection,"7 741,00 руб.",В наличии
Longines,Hydroconquest,"7 059,00 руб.",В наличии
Longines,The  Elegant Collection,"6 431,00 руб.",В наличии
Longines,Présence,"4 896,00 руб.",В наличии
Longines,Heritage Avigation,"16 361,00 руб.",В наличии
Longines,Conquest,"5 250,00 руб.",В наличии
Claude Bernard,Classic Big Date,"828,00 руб.",В наличии
Tissot,Le Locle Automatic,"2 181,00 руб.",В наличии
Tissot,Le Locle Automatic,"2 181,00 руб.",В наличии
Tissot,Le Locle Automatic,"1 983,00 руб.",В наличии
Tissot,Le Locle Automatic,"1 983,00 руб.",В наличии
Tissot,Couturier Automatic,"2 479,00 руб.",В наличии
Tissot,Couturier Quartz,"1 388,00 руб.",В наличии
Tissot,Couturier Quartz,"1 230,00 руб.",В наличии
Tissot,Couturier Quartz,"2 062,00 руб.",В наличии
Tissot,Couturier Quartz,"1 904,00 руб.",В наличии
Tissot,Couturier Quartz,"1 904,00 руб.",В наличии
Tissot,Couturier Quartz,"1 745,00 руб.",В наличии
Tissot,Couturier Quartz,"1 745,00 руб.",В наличии
Swatch,Mono Black,"278,00 руб.",В наличии
Victorinox,Maverick,"2 175,00 руб.",В наличии
Victorinox,Maverick,"1 810,00 руб.",В наличии
Victorinox,Maverick,"1 810,00 руб.",В наличии
Victorinox,Maverick,"1 993,00 руб.",В наличии
Victorinox,Alliance,"2 126,00 руб.",В наличии
Victorinox,Inox,"2 175,00 руб.",В наличии
Victorinox,Inox,"2 175,00 руб.",В наличии
Victorinox,Inox,"2 287,00 руб.",В наличии
Victorinox,Maverick,"1 993,00 руб.",В наличии
Victorinox,Inox,"2 540,00 руб.",В наличии
Victorinox,Inox,"2 540,00 руб.",В наличии
Victorinox,Inox,"3 089,00 руб.",В наличии
Victorinox,Maverick,"1 993,00 руб.",В наличии
Longines,The  Master Collection,"12 165,00 руб.",В наличии
Longines,Hydroconquest,"4 706,00 руб.",В наличии
Longines,The  Saint-Imier Collection,"7 059,00 руб.",В наличии
Longines,Heritage 1918,"6 584,00 руб.",В наличии
Longines,Conquest,"2 650,00 руб.",В наличии
Longines,Conquest,"2 831,00 руб.",В наличии
Swatch,Sir Red,"243,00 руб.",В наличии
Swatch,Sir Blue,"245,00 руб.",В наличии
Swatch,Twice Again,"278,00 руб.",В наличии
Swatch,Gaet,"278,00 руб.",В наличии
Longines,Spirit,"11 819,00 руб.",Под заказ
Longines,La Grande Classique de,"7 996,00 руб.",Под заказ
Hamilton,Khaki Field Day Date Auto,"3 780,00 руб.",Под заказ
Longines,Conquest Classic,"31 216,00 руб.",Под заказ
Longines,Spirit,"12 287,00 руб.",Под заказ
Longines,Heritage Classic,"10 674,00 руб.",Под заказ
Longines,La Grande Classique de,"8 489,00 руб.",Под заказ
Longines,Spirit Prestige Edition,"12 287,00 руб.",Под заказ
Longines,Spirit,"13 237,00 руб.",Под заказ
Hamilton,Ventura Chrono Quartz,"4 644,00 руб.",Под заказ
Hamilton,Jazzmaster Viewmatic Auto,"3 679,00 руб.",Под заказ
Hamilton,Jazzmaster Viewmatic Auto,"3 341,00 руб.",Под заказ
Hamilton,Jazzmaster Viewmatic Auto,"4 766,00 руб.",Под заказ
Hamilton,American Classic Valiant Auto,"3 301,00 руб.",Под заказ
Hamilton,Khaki Aviation Pilot Day Date Auto,"4 633,00 руб.",Под заказ
Hamilton,Khaki Navy Pioneer Auto Chrono,"8 240,00 руб.",Под заказ
Longines,Dolcevita,"7 445,00 руб.",Под заказ
Longines,Dolcevita,"7 445,00 руб.",Под заказ
Tag Heuer,Carrera Calibre 36 Flyback,,Под заказ
Tag Heuer,Carrera Calibre 36 Flyback,,Под заказ
Tag Heuer,Monaco Calibre 12 Automatic Chronograph 39 Mm,"24 511,00 руб.",Под заказ
Tag Heuer,Carrera Calibre 16 Automatic Chronograph 41 Mm,"20 701,00 руб.",Под заказ
Tag Heuer,Carrera Calibre 16 Automatic Chronograph 41 Mm,"21 389,00 руб.",Под заказ
Tag Heuer,Link Calibre 6 Automatic Watch 39 mm,"15 285,00 руб.",Под заказ
Longines,Legend Diver,"10 685,00 руб.",Под заказ
Longines,Lyre,"7 139,00 руб.",Под заказ
Longines,Legend Diver,"10 685,00 руб.",Под заказ
Longines,Hydroconquest,"8 600,00 руб.",Под заказ
Longines,Hydroconquest,"8 600,00 руб.",Под заказ
Longines,Dolcevita,"7 445,00 руб.",Под заказ
Longines,Conquest,"5 566,00 руб.",Под заказ
Longines,Hydroconquest,"8 600,00 руб.",Под заказ
Longines,Dolcevita,"5 958,00 руб.",Под заказ
Longines,La Grande Classique De,"8 489,00 руб.",Под заказ
Tag Heuer,Carrera Day Date 41mm,"13 495,00 руб.",Под заказ
Tag Heuer,Carrera Day Date 41mm,"13 495,00 руб.",Под заказ
Longines,Spirit,"9 925,00 руб.",Под заказ
Longines,Spirit,"9 925,00 руб.",Под заказ
Longines,Spirit Prestige Edition,"12 758,00 руб.",Под заказ
Longines,Spirit,"9 925,00 руб.",Под заказ
Longines,Spirit,"9 925,00 руб.",Под заказ
Longines,Spirit Prestige Edition,"12 758,00 руб.",Под заказ
Longines,Spirit,"13 709,00 руб.",Под заказ
Longines,Spirit,"13 709,00 руб.",Под заказ
Longines,Spirit,"13 709,00 руб.",Под заказ
Longines,Flagship,,Под заказ
Longines,Spirit,"9 450,00 руб.",Под заказ
Longines,Spirit,"13 709,00 руб.",Под заказ
Longines,The  1832,"16 524,00 руб.",Под заказ
Longines,The  1832,"16 524,00 руб.",Под заказ
Longines,Spirit,"10 634,00 руб.",Под заказ
Longines,Spirit,"9 925,00 руб.",Под заказ
Longines,Lyre,"7 139,00 руб.",Под заказ
Longines,Lyre,"7 139,00 руб.",Под заказ
Longines,Lyre,"6 660,00 руб.",Под заказ
Longines,Dolcevita,"7 445,00 руб.",Под заказ
Longines,The  Master Collection,"13 450,00 руб.",Под заказ
Longines,The  Master Collection,"13 943,00 руб.",Под заказ
Longines,The  Master Collection,"10 966,00 руб.",Под заказ
Longines,Conquest,"3 539,00 руб.",Под заказ
Longines,Conquest,"5 566,00 руб.",Под заказ
Longines,Spirit,"9 450,00 руб.",Под заказ
Longines,Spirit,"9 450,00 руб.",Под заказ
Longines,Spirit,"9 925,00 руб.",Под заказ
Longines,Flagship,"7 546,00 руб.",Под заказ
Longines,The  Master Collection,"12 953,00 руб.",Под заказ
Longines,The  Master Collection,"13 943,00 руб.",Под заказ
Longines,The  Master Collection,"17 618,00 руб.",Под заказ
Longines,Conquest,"3 798,00 руб.",Под заказ
Longines,Flagship,"8 287,00 руб.",Под заказ
Hamilton,Khaki Field Titanium Auto,"4 522,00 руб.",Под заказ
Longines,Conquest,"3 798,00 руб.",Под заказ
Longines,Conquest,"5 566,00 руб.",Под заказ
Hamilton,Khaki Aviation Converter Auto Chrono,"10 055,00 руб.",Под заказ
Longines,The  Master Collection,,Под заказ
Longines,Spirit,"9 450,00 руб.",Под заказ
Longines,Flagship,"8 287,00 руб.",Под заказ
Longines,Flagship,"7 546,00 руб.",Под заказ
Longines,Flagship,"7 546,00 руб.",Под заказ
Longines,Flagship,"7 546,00 руб.",Под заказ
Longines,Flagship,"7 546,00 руб.",Под заказ
Longines,Flagship,"7 546,00 руб.",Под заказ
Longines,Conquest V.H.P,"4 680,00 руб.",Под заказ
Longines,Spirit,"12 287,00 руб.",Под заказ
Longines,Spirit,"9 450,00 руб.",Под заказ
Longines,Spirit Prestige Edition,"12 758,00 руб.",Под заказ
Longines,Flagship Heritage,"7 639,00 руб.",Под заказ
Longines,La Grande Classique de,"7 247,00 руб.",Под заказ
Longines,Flagship,"7 546,00 руб.",Под заказ
Longines,Flagship,"7 546,00 руб.",Под заказ
Longines,Flagship,"8 784,00 руб.",Под заказ
Longines,Flagship,"8 784,00 руб.",Под заказ
Longines,Flagship,"7 546,00 руб.",Под заказ
Hamilton,Khaki Field King Auto,"2 884,00 руб.",Под заказ
Hamilton,Khaki Aviation Converter Auto Chrono,"9 360,00 руб.",Под заказ
Tag Heuer,Carrera Calibre Heuer 02T,"129 530,00 руб.",Под заказ
Longines,Hydroconquest,"7 585,00 руб.",Под заказ
Longines,The  Elegant Collection,"18 112,00 руб.",Под заказ
Longines,The  1832,"9 580,00 руб.",Под заказ
Hamilton,Jazzmaster Viewmatic Auto,"3 460,00 руб.",Под заказ
Tag Heuer,Connected Modular 45 Tourbillon Luxury Kit,"84 548,00 руб.",Под заказ
Tag Heuer,Carrera Heritage Calibre 6,"36 904,00 руб.",Под заказ
Tag Heuer,Aquaracer 300 M Quarz 43mm,"10 328,00 руб.",Под заказ
Longines,Hydroconquest,"17 701,00 руб.",Под заказ
Longines,The  Elegant Collection,"15 484,00 руб.",Под заказ
Longines,Flagship,"6 930,00 руб.",Под заказ
Longines,Flagship,"6 221,00 руб.",Под заказ
Tag Heuer,Connected,"5 646,00 руб.",Под заказ
Tag Heuer,Grand Carrera Calibre 17,"33 278,00 руб.",Под заказ
Tag Heuer,Aquaracer Countdown Chronograph Calibre 72 Automatic Watch 43 Mm,"20 471,00 руб.",Под заказ
Hamilton,Khaki Navy BeLOWZERO Auto Titanium,"8 125,00 руб.",Под заказ
Longines,Flagship,"8 287,00 руб.",Под заказ
Tag Heuer,Connected,"6 059,00 руб.",Под заказ
Hamilton,Jazzmaster Skeleton Auto,"5 497,00 руб.",Под заказ
Longines,Conquest V.H.P,"4 489,00 руб.",Под заказ
Longines,Flagship,"8 287,00 руб.",Под заказ
Longines,The  Master Collection,"12 701,00 руб.",Под заказ
Longines,The  Master Collection,"12 701,00 руб.",Под заказ
Longines,Dolcevita,"7 445,00 руб.",Под заказ
Hamilton,Khaki Field Titanium Auto,"4 298,00 руб.",Под заказ
Longines,The  Master Collection,"10 476,00 руб.",Под заказ
Longines,The  Master Collection,"10 476,00 руб.",Под заказ
Longines,The  Master Collection,"10 476,00 руб.",Под заказ
Longines,The  Master Collection,"10 476,00 руб.",Под заказ
Longines,The  Master Collection,"10 476,00 руб.",Под заказ
Hamilton,Khaki Navy Pioneer Small Second,"4 313,00 руб.",Под заказ
Longines,Heritage Military,"10 112,00 руб.",Под заказ
Longines,Heritage,"10 112,00 руб.",Под заказ
Longines,The  Master Collection,"10 818,00 руб.",Под заказ
Longines,The  Master Collection,"28 289,00 руб.",Под заказ
Longines,The  Master Collection,"10 818,00 руб.",Под заказ
Longines,The  Master Collection,"10 818,00 руб.",Под заказ
Longines,The  Master Collection,"10 818,00 руб.",Под заказ
Longines,The  Master Collection,"10 818,00 руб.",Под заказ
Longines,Hydroconquest,"7 585,00 руб.",Под заказ
Longines,Hydroconquest,"7 585,00 руб.",Под заказ
Longines,Record,"30 247,00 руб.",Под заказ
Longines,Skin Diver Watch,"11 624,00 руб.",Под заказ
Longines,Hydroconquest,"11 628,00 руб.",Под заказ
Longines,Hydroconquest,"11 628,00 руб.",Под заказ
Longines,Présence,"7 387,00 руб.",Под заказ
Longines,Présence,"7 132,00 руб.",Под заказ
Tag Heuer,Carrera Calibre 16,"19 553,00 руб.",Под заказ
Tag Heuer,Carrera Calibre Heuer 01,"24 970,00 руб.",Под заказ
Longines,The  Master Collection,"14 936,00 руб.",Под заказ
Longines,Présence,"7 031,00 руб.",Под заказ
Longines,Présence,"7 031,00 руб.",Под заказ
Longines,Présence,"7 132,00 руб.",Под заказ
Longines,Présence,"6 120,00 руб.",Под заказ
Hamilton,American Classic Boulton Mechanical,"3 892,00 руб.",Под заказ
Longines,The  Master Collection,"10 966,00 руб.",Под заказ
Longines,The  Master Collection,"12 701,00 руб.",Под заказ
Longines,Hydroconquest,"11 628,00 руб.",Под заказ
Longines,Présence,"7 945,00 руб.",Под заказ
Longines,Présence,"7 945,00 руб.",Под заказ
Tag Heuer,Carrera Calibre Heuer 02,"25 888,00 руб.",Под заказ
Longines,Conquest V.H.P,"5 832,00 руб.",Под заказ
Longines,Conquest V.H.P,"5 832,00 руб.",Под заказ
Longines,Legend Diver,"12 096,00 руб.",Под заказ
Longines,Hydroconquest,"11 628,00 руб.",Под заказ
Longines,The  Master Collection,"14 936,00 руб.",Под заказ
Longines,The  Master Collection,"17 417,00 руб.",Под заказ
Longines,The  Master Collection,"9 331,00 руб.",Под заказ
Longines,The  Master Collection,"31 518,00 руб.",Под заказ
Longines,Record,"9 004,00 руб.",Под заказ
Longines,Skin Diver Watch,"11 624,00 руб.",Под заказ
Hamilton,American Classic Spirit Of Liberty,"7 574,00 руб.",Под заказ
Hamilton,Khaki Field Mechanical,"2 207,00 руб.",Под заказ
Longines,The  Master Collection,"14 936,00 руб.",Под заказ
Longines,The  Master Collection,"9 554,00 руб.",Под заказ
Longines,The  Master Collection,"11 315,00 руб.",Под заказ
Longines,Conquest V.H.P,"5 832,00 руб.",Под заказ
Longines,Présence,"6 325,00 руб.",Под заказ
Longines,Présence,"6 325,00 руб.",Под заказ
Longines,Présence,"7 132,00 руб.",Под заказ
Tag Heuer,Carrera Calibre Heuer 02,"29 468,00 руб.",Под заказ
Longines,The  Master Collection,"9 331,00 руб.",Под заказ
Longines,The  Elegant Collection,"18 112,00 руб.",Под заказ
Longines,Flagship,"6 426,00 руб.",Под заказ
Longines,The  Elegant Collection,"9 778,00 руб.",Под заказ
Longines,Conquest V.H.P,"5 656,00 руб.",Под заказ
Longines,Conquest V.H.P,"8 370,00 руб.",Под заказ
Longines,Conquest V.H.P,"8 370,00 руб.",Под заказ
Longines,Conquest V.H.P,"7 013,00 руб.",Под заказ
Longines,Conquest V.H.P,"7 322,00 руб.",Под заказ
Longines,Conquest V.H.P,"7 322,00 руб.",Под заказ
Longines,Lyre,"6 660,00 руб.",Под заказ
Longines,Lyre,"5 472,00 руб.",Под заказ
Longines,Conquest V.H.P,"4 680,00 руб.",Под заказ
Longines,Conquest V.H.P,"8 554,00 руб.",Под заказ
Longines,Conquest V.H.P,"7 513,00 руб.",Под заказ
Longines,Conquest V.H.P,"7 196,00 руб.",Под заказ
Longines,Conquest V.H.P,"7 513,00 руб.",Под заказ
Longines,Conquest V.H.P,"7 513,00 руб.",Под заказ
Longines,Conquest V.H.P,"7 196,00 руб.",Под заказ
Longines,Conquest V.H.P,"5 832,00 руб.",Под заказ
Tag Heuer,Carrera Calibre 16 Automatic Chronograph 43 Mm,"22 950,00 руб.",Под заказ
Tag Heuer,Carrera New Calibre 5 Automatic Watch 39 Mm,"16 203,00 руб.",Под заказ
Tag Heuer,Carrera New Calibre 5 Automatic Watch 39 Mm,"16 891,00 руб.",Под заказ
Tag Heuer,Calibre 5 41 Mm,"8 537,00 руб.",Под заказ
Tag Heuer,Carrera Calibre Heuer 02,"101 210,00 руб.",Под заказ
Tag Heuer,Carrera Calibre 36 Flyback,"33 966,00 руб.",Под заказ
Tag Heuer,Carrera Calibre 16 Automatic Chronograph 41 Mm,"19 783,00 руб.",Под заказ
Tag Heuer,Carrera Calibre 16 Automatic Chronograph 41 Mm,"19 324,00 руб.",Под заказ
Tag Heuer,Grand Carrera Calibre 8 RS Grand-Date GMT Automatic,"18 681,00 руб.",Под заказ
Tag Heuer,Grand Carrera Calibre 36 RS Caliper Automatic Chronograph 43,"42 503,00 руб.",Под заказ
Tag Heuer,Aquaracer Calibre 5,"13 724,00 руб.",Под заказ
Tag Heuer,Carrera Manchester United Special Edition Calibre Heuer 01 43 Mm,"26 301,00 руб.",Под заказ
Tag Heuer,Carrera Calibre Heuer 02,"37 317,00 руб.",Под заказ
Tag Heuer,Carrera Calibre 16,"20 471,00 руб.",Под заказ
Tag Heuer,Aquaracer,"8 078,00 руб.",Под заказ
Longines,The  Master Collection,"11 315,00 руб.",Под заказ
Hamilton,Jazzmaster Chrono Quartz,"3 877,00 руб.",Под заказ
Hamilton,Khaki Aviation X-Wind Gmt Chrono Quartz,"4 633,00 руб.",Под заказ
Hamilton,Khaki Aviation X-Wind Gmt Chrono Quartz,"4 633,00 руб.",Под заказ
Longines,The  Master Collection,"9 554,00 руб.",Под заказ
Tag Heuer,Carrera Calibre Heuer 01 43 Mm,"29 009,00 руб.",Под заказ
Tag Heuer,Carrera Calibre Heuer 01 43 Mm,"28 320,00 руб.",Под заказ
Tag Heuer,Carrera Calibre 1887 Automatic Chronograph 41mm,"20 930,00 руб.",Под заказ
Tag Heuer,Carrera Calibre 1887 Automatic Chronograph 41mm,"20 930,00 руб.",Под заказ
Tag Heuer,Carrera Calibre Heuer 01,"29 697,00 руб.",Под заказ
Tag Heuer,Carrera Calibre Heuer 01,"29 697,00 руб.",Под заказ
Tag Heuer,Carrera Heuer-01 «Red Bull Racing Formula One Team»,"27 907,00 руб.",Под заказ
Tag Heuer,Carrera Calibre Heuer 01 Senna Edition,"29 238,00 руб.",Под заказ
Tag Heuer,Carrera Calibre Heuer 01,"25 429,00 руб.",Под заказ
Tag Heuer,Carrera Calibre Heuer 01,"59 624,00 руб.",Под заказ
Tag Heuer,Carrera Calibre Heuer 01 Grey Phantom Titanium,"29 697,00 руб.",Под заказ
Tag Heuer,Carbon Matrix Composite Concept Chronograph,"46 543,00 руб.",Под заказ
Tag Heuer,Aquaracer 300m Calibre 16 Automatic Chronograph 43 Mm,"17 075,00 руб.",Под заказ
Tag Heuer,Aquaracer 300m Calibre 16 Automatic Chronograph 43 Mm,"16 203,00 руб.",Под заказ
Tag Heuer,Aquaracer 300m Calibre 16 Automatic Chronograph 43 Mm,"18 911,00 руб.",Под заказ
Tag Heuer,Formula 1 Chronograph Quarz 43 Mm,"7 665,00 руб.",Под заказ
Tag Heuer,Formula 1 Chronograph Quarz 43 Mm,"6 747,00 руб.",Под заказ
Tag Heuer,Formula 1 Calibre 16 Automatic Chronograph,"13 265,00 руб.",Под заказ
Tag Heuer,Formula 1 Calibre 16 Automatic Chronograph,"13 265,00 руб.",Под заказ
Tag Heuer,Carrera Calibre 16 Automatic Chronograph 41 Mm,"20 471,00 руб.",Под заказ
Hamilton,Broadway Day Date Auto,"4 529,00 руб.",Под заказ
Hamilton,Broadway Auto Chrono,"8 752,00 руб.",Под заказ
Hamilton,Khaki Aviation Pilot Day Date Auto,"4 921,00 руб.",Под заказ
Hamilton,Khaki Field Quartz,"2 214,00 руб.",Под заказ
Hamilton,Khaki Field Mechanical,"2 207,00 руб.",Под заказ
Hamilton,Khaki Field Mechanical,"2 207,00 руб.",Под заказ
Hamilton,Khaki Field Day Date Auto,"3 787,00 руб.",Под заказ
Hamilton,Khaki Field Auto Chrono,"8 215,00 руб.",Под заказ
Hamilton,Khaki Aviation Pilot Pioneer Chrono Quartz,"2 635,00 руб.",Под заказ
Hamilton,Khaki Aviation Takeoff Auto Chrono,"13 648,00 руб.",Под заказ
Hamilton,Khaki Navy Frogman Auto,"5 152,00 руб.",Под заказ
Hamilton,Khaki Navy Frogman Auto,"5 152,00 руб.",Под заказ
Hamilton,Khaki Aviation X-Wind Auto Chrono,"10 058,00 руб.",Под заказ
Hamilton,Khaki Aviation Pilot Air Zermatt Day Date Auto,"3 953,00 руб.",Под заказ
Tag Heuer,Carrera Calibre 1887 Automatic Chronograph 43 Mm,"22 491,00 руб.",Под заказ
Tag Heuer,Carrera Calibre 1887 Automatic Chronograph 43 Mm,"22 491,00 руб.",Под заказ
Tag Heuer,Carrera Calibre Heuer 01 43 Mm,"24 970,00 руб.",Под заказ
Tag Heuer,Carrera Calibre Heuer 01 43 Mm,"24 970,00 руб.",Под заказ
Tag Heuer,Carrera Calibre Heuer 01 43 Mm,"24 052,00 руб.",Под заказ
Tag Heuer,Carrera Calibre Heuer 01 43 Mm,"24 052,00 руб.",Под заказ
Tag Heuer,Carrera Calibre Heuer 02,"28 137,00 руб.",Под заказ
Hamilton,Khaki Aviation X-Wind Day Date Auto,"4 864,00 руб.",Под заказ
Hamilton,Jazzmaster Gent Quartz,"2 455,00 руб.",Под заказ
Hamilton,Jazzmaster Maestro Auto Chrono,"7 826,00 руб.",Под заказ
Hamilton,Jazzmaster Auto Chrono,"7 888,00 руб.",Под заказ
Hamilton,Jazzmaster Auto Chrono,"7 650,00 руб.",Под заказ
Hamilton,Jazzmaster Chrono Quartz,"3 542,00 руб.",Под заказ
Hamilton,Jazzmaster Power Reserve Auto,"5 612,00 руб.",Под заказ
Hamilton,American Classic Pan Europ Auto,"4 813,00 руб.",Под заказ
Hamilton,American Classic Intra-Matic Auto Chrono,"8 977,00 руб.",Под заказ
Hamilton,Jazzmaster Thinline Quartz,"1 976,00 руб.",Под заказ
Hamilton,Jazzmaster Small Second Auto,"4 478,00 руб.",Под заказ
Hamilton,American Classic Intra-Matic Auto,"4 439,00 руб.",Под заказ
Hamilton,American Classic Railroad Small Second Auto,"5 317,00 руб.",Под заказ
Hamilton,American Classic Railroad Small Second Auto,"4 990,00 руб.",Под заказ
Hamilton,American Classic Spirit of Liberty Auto,"4 205,00 руб.",Под заказ
Hamilton,Jazzmaster Maestro Small Second Auto,"4 828,00 руб.",Под заказ
Hamilton,Jazzmaster Maestro Small Second Auto,"4 828,00 руб.",Под заказ
Hamilton,Jazzmaster Maestro Small Second Auto,"5 461,00 руб.",Под заказ
Hamilton,Broadway Day Date Auto,"4 864,00 руб.",Под заказ
Tag Heuer,Carrera Calibre Heuer 01 43 Mm,"28 550,00 руб.",Под заказ
Hamilton,Jazzmaster Gent Quartz,"2 455,00 руб.",Под заказ
Hamilton,Jazzmaster Chrono Quartz,"3 877,00 руб.",Под заказ
Hamilton,Jazzmaster Chrono Quartz,"3 542,00 руб.",Под заказ
Hamilton,American Classic Pan Europ Day Date Auto,"4 376,00 руб.",Под заказ
Hamilton,American Classic Spirit Of Liberty,"4 205,00 руб.",Под заказ
Hamilton,Khaki Aviation Pilot Day Date Auto,"4 187,00 руб.",Под заказ
Hamilton,Khaki Aviation Pilot Day Date Quartz,"2 300,00 руб.",Под заказ
Hamilton,Khaki Field Day Date Auto,"3 445,00 руб.",Под заказ
Hamilton,Khaki Field Auto,"3 438,00 руб.",Под заказ
Hamilton,Khaki Navy Pioneer Auto,"4 432,00 руб.",Под заказ
Hamilton,Khaki Aviation Day Date Auto,"4 691,00 руб.",Под заказ
Longines,Hydroconquest,"7 585,00 руб.",Под заказ
Longines,Hydroconquest,"7 585,00 руб.",Под заказ
Hamilton,Ventura ELVIS80 AUTO,"6 714,00 руб.",Под заказ
Longines,Hydroconquest,"7 585,00 руб.",Под заказ
Longines,Hydroconquest,"7 585,00 руб.",Под заказ
Longines,Hydroconquest,"7 585,00 руб.",Под заказ
Longines,Hydroconquest,"7 585,00 руб.",Под заказ
Longines,Hydroconquest,"7 585,00 руб.",Под заказ
Longines,The  Saint-Imier Collection,"28 051,00 руб.",Под заказ
Longines,Conquest Classic,"16 286,00 руб.",Под заказ
Longines,Conquest Classic,"20 812,00 руб.",Под заказ
Longines,The  Master Collection,"8 932,00 руб.",Под заказ
Longines,The  Master Collection,"16 427,00 руб.",Под заказ
Longines,Heritage Twenty-Four Hours,"18 097,00 руб.",Под заказ
Longines,Conquest Classic,"18 097,00 руб.",Под заказ
Longines,The  Heritage 1945,"8 600,00 руб.",Под заказ
Longines,Record,"9 407,00 руб.",Под заказ
Longines,The  Master Collection,"13 943,00 руб.",Под заказ
Longines,Conquest V.H.P,"5 656,00 руб.",Под заказ
Longines,Conquest V.H.P,"5 832,00 руб.",Под заказ
Longines,Conquest V.H.P,"8 554,00 руб.",Под заказ
Longines,Conquest V.H.P,"8 554,00 руб.",Под заказ
Longines,Présence,"5 612,00 руб.",Под заказ
Tag Heuer,Carrera Calibre Heuer 01 43 Mm,"24 970,00 руб.",Под заказ
Tag Heuer,Carrera Calibre Heuer 01 43 Mm,"24 970,00 руб.",Под заказ
Tag Heuer,Formula 1 Chronograph Quarz 43 Mm,"6 747,00 руб.",Под заказ
Tag Heuer,Carrera Calibre 8 Gmt Grande Date Automatic 41,"18 681,00 руб.",Под заказ
Tag Heuer,Carrera Calibre 16 Automatic Chronograph 41 Mm,"19 783,00 руб.",Под заказ
Longines,Hydroconquest,"4 802,00 руб.",Под заказ
Longines,Heritage Classic,"17 701,00 руб.",Под заказ
Longines,Hydroconquest,"5 818,00 руб.",Под заказ
Longines,Hydroconquest,"5 818,00 руб.",Под заказ
Longines,Conquest,"5 566,00 руб.",Под заказ
Longines,Conquest,"8 824,00 руб.",Под заказ
Longines,Présence,"3 798,00 руб.",Под заказ
Longines,Conquest,"4 302,00 руб.",Под заказ
Longines,Conquest,"4 680,00 руб.",Под заказ
Longines,Conquest,"4 680,00 руб.",Под заказ
Longines,Présence,"5 818,00 руб.",Под заказ
Longines,Présence,"6 624,00 руб.",Под заказ
Longines,Présence,"5 573,00 руб.",Под заказ
Longines,The  Master Collection,"9 677,00 руб.",Под заказ
Longines,The  Master Collection,"13 450,00 руб.",Под заказ
Longines,The  Master Collection,"15 930,00 руб.",Под заказ
Longines,Record,"9 407,00 руб.",Под заказ
Longines,Conquest,"7 322,00 руб.",Под заказ
Longines,Présence,"5 612,00 руб.",Под заказ
Longines,The  Master Collection,"8 989,00 руб.",Под заказ
Longines,Présence,"5 612,00 руб.",Под заказ
Longines,Hydroconquest,"5 818,00 руб.",Под заказ
Longines,Hydroconquest,"5 818,00 руб.",Под заказ
Longines,Présence,"5 702,00 руб.",Под заказ
Longines,The  Master Collection,"9 331,00 руб.",Под заказ
Longines,The  Master Collection,"9 331,00 руб.",Под заказ
Longines,Flagship,"7 639,00 руб.",Под заказ
Longines,Présence,"4 295,00 руб.",Под заказ
Longines,Conquest,"3 539,00 руб.",Под заказ
Longines,Conquest,"3 798,00 руб.",Под заказ
Longines,Hydroconquest,"4 802,00 руб.",Под заказ
